cvid,title,view,likes,reply,tag
13496640,门票全免一个月！龙门石窟、云台山等河南432家A级景区送福利啦！（附名单),18103,415,211,日常
13447873,外卖平台用工“暗网”：160万骑手成了个体户却不自知,1145,23,3,日常
13445613,躲开人人人，UP主带你全世界看星星,312,45,4,日常
13396339,千万别让你的老板看《鱿鱼游戏》,64047,319,90,日常
13383861,抬头鲨鱼怎么就成了网红？ “你们上海人是不是特别喜欢鲨鱼啊？”,17126,995,202,单机游戏
13357333,我在《风来之国》的小游戏中，再一次找到了来自童年的快乐,4408,445,13,单机游戏
13341758,四大卫视黄金档联播，又一部国产王剧来了,948,13,1,日常
13338290,新时代缝合爱好者，已经把游戏王和扑克牌混在一起玩了,7784,634,48,桌游棋牌
13299652,【启示录01】《开拓者：拥王者》——无畏的逆行者,334,13,2,日常
13222753,在南城，最后一间包机房店主的「游戏往事」 | 存在,9498,1588,78,单机游戏
13219181,童话般温情的深沉末世：《风来之国》游玩体验,4399,430,13,单机游戏
13186588,拳打哈利波特脚踢灭霸，托比·马奎尔版的蜘蛛侠为什么变成了大恶人,22243,1431,71,电影
13179959,《风来之国》前瞻测评：六年时间，他们真的做出了“第九艺术”,2304,134,16,单机游戏
13174021,“陪运动员上厕所，真的是一份正经工作”,12629,458,40,运动
13165806,《命运石之门》— 宿命轮回中所映衬出的成长,120838,2195,478,动漫杂谈
13170457,【重置】颅术（上）,414,23,4,原创连载
13026452,清浊  第一章  小道士奉师命下山云游,4252,54,7,日常
12928016,谱写青春的华丽乐章——我们为何挚爱着这部动画,2145,430,99,动漫杂谈
13498259,来自“阴间”的《实况足球2022》，成了Steam上的差评之王,95323,1542,270,单机游戏
13377749,这年头没点知识储备，连验证码都填不出了,4772,487,27,日常
13381012,玩“俄罗斯方块”的人,74403,665,182,单机游戏
13309574,杨振宁究竟有多了不起？35岁拿诺奖并不是他的巅峰,165404,28821,945,人文历史
13305076,“我找工作不看工资，只看公司厕所”,2265,44,5,日常
13235238,54岁陈法蓉为自己征婚！曾被嫁富豪骗情骗财，她的情史有点惨,2675,23,1,日常
13221376,她撑起本世纪收视最高晨间剧,984,16,1,电视剧
13202243,游戏行业的寒冬又要来了？政策调整，部门约谈，是喜是忧？,2490,47,35,单机游戏
13198139,FGO武则天之后，大批中国从者再遭重创，凛冬将至,63139,1852,1523,手机游戏
13158464,B站最凶女教师：我一眼就知道谁没写作业,3501,136,16,日常
13117155,吴磊拍戏意外烫伤！眼睛红肿火花溅满脸，敬业的年轻演员不止一个,2228,35,11,日常
13108550,8个电竞游戏入选杭州亚运会！未成年人，能否参赛？,14655,70,318,电子竞技
13026650,原创小说｜他定会成为好弟弟（一）,563,11,5,原创连载
12811118,【时代的眼泪】曾经国内最硬核的Gal纸媒杂志究竟如何——带你领略2DM的独特魅力！,6274,694,117,单机游戏
13464121,两年的假期，我的【漂流少年】随笔,319,32,3,动漫杂谈
13447399,2021年诺贝尔生理学或医学奖揭晓！两位科学家共同分享奖项,1714,90,4,日常
13428055,血与怨的链接：浅谈【斩妖行】中的Boss,352,32,25,单机游戏
13368533,【正解局】东北限电背后的煤矿问题：煤挖完了，怎么办？,1634,42,5,日常
13337351,1992年，有台“智能手机”想抢微软生意,1218,13,0,人文历史
13314825,风暴眼｜性暗示、截肢、地狱……江南布衣“阴间”童装背后：年入41亿 会员490万,516213,3543,1182,时尚
13286235,【全球契约，我的契约兽是一条土狗？】0001、全球异变，生物契约,6371,67,7,原创连载
13282778,上线4天就拿下豆瓣热度第一！这部网飞新剧凭什么“杀疯了”？,40005,132,118,电视剧
13274825,吃蟹只吃阳澄湖？全国众蟹皆不服！,110435,629,432,美食
13232936,抗战14年，中国的损失有多大,1319,60,0,日常
13033233,这种吃鸡体验，独此一家——《Apex传奇》游玩感受,1469,15,5,网络游戏
12934551,《绝世高手闯异界》序章.黄玄与长空皓然,412,42,4,原创连载
