uid,name,link
99033587,朝比奈_,https://space.bilibili.com/99033587
450039195,我哥吴亦凡,https://space.bilibili.com/450039195
32013299,喊的话,https://space.bilibili.com/32013299
1486439122,精神科天皇电疗医院,https://space.bilibili.com/1486439122
28853619,湮香魂迷,https://space.bilibili.com/28853619
11393037,漱梦summer,https://space.bilibili.com/11393037
13934443,创app,https://space.bilibili.com/13934443
2137174190,不负韶华强国有我,https://space.bilibili.com/2137174190
8129649,迷途的麻婆豆腐,https://space.bilibili.com/8129649
397184630,中二是病吧qwq,https://space.bilibili.com/397184630
95398670,jingyus,https://space.bilibili.com/95398670
445014510,Midea型号,https://space.bilibili.com/445014510
33972420,悠哉大王托尔桑,https://space.bilibili.com/33972420
357185372,讴の歌,https://space.bilibili.com/357185372
348698659,浮少卿,https://space.bilibili.com/348698659
384902908,打发好的发挥良好,https://space.bilibili.com/384902908
10190014,米拉拉拉,https://space.bilibili.com/10190014
308799384,御坂美琴20000号,https://space.bilibili.com/308799384
1364406136,Upzzxxccx,https://space.bilibili.com/1364406136
1404528590,丨Ani,https://space.bilibili.com/1404528590
211396146,奥古斯顶,https://space.bilibili.com/211396146
9671302,老虎尾巴呢,https://space.bilibili.com/9671302
701704975,囧途の路,https://space.bilibili.com/701704975
289220056,绘梦い书华,https://space.bilibili.com/289220056
13232472,混雜與樂,https://space.bilibili.com/13232472
628103530,--流年,https://space.bilibili.com/628103530
362970185,倪s,https://space.bilibili.com/362970185
513507056,小衔风,https://space.bilibili.com/513507056
291343495,万人迷的小磊,https://space.bilibili.com/291343495
42413836,龙神诚会长,https://space.bilibili.com/42413836
492089984,713改,https://space.bilibili.com/492089984
699657898,8个贝壳doki,https://space.bilibili.com/699657898
168663616,接个吻_开一槍,https://space.bilibili.com/168663616
20376446,Kariido,https://space.bilibili.com/20376446
1822108416,这照片很离谱的小号,https://space.bilibili.com/1822108416
296831702,酸醋柠檬汁西,https://space.bilibili.com/296831702
379472382,城东霜未凝,https://space.bilibili.com/379472382
10974739,Noの孬,https://space.bilibili.com/10974739
1369986548,高平安平平安安,https://space.bilibili.com/1369986548
644479339,远离地球表面,https://space.bilibili.com/644479339
23071933,努力就有成果丨,https://space.bilibili.com/23071933
629953691,似欲,https://space.bilibili.com/629953691
4856762,锦鲤杯,https://space.bilibili.com/4856762
14824362,花水木_hanamizuki,https://space.bilibili.com/14824362
27264515,五河ア士道,https://space.bilibili.com/27264515
345028138,卞-下,https://space.bilibili.com/345028138
10163062,日菜,https://space.bilibili.com/10163062
98768029,青春不敌流年w,https://space.bilibili.com/98768029
630911640,烂扒西,https://space.bilibili.com/630911640
57653871,三得利烧酒,https://space.bilibili.com/57653871
416339310,幻夜丨,https://space.bilibili.com/416339310
456102362,薯爱洛,https://space.bilibili.com/456102362
1067484348,一只没币改名的狗,https://space.bilibili.com/1067484348
106748249,折翼の天使-_-,https://space.bilibili.com/106748249
326336964,枫林Louis,https://space.bilibili.com/326336964
11776394,墨澈儿,https://space.bilibili.com/11776394
2046849922,先用1,https://space.bilibili.com/2046849922
587203132,佺部都逝你,https://space.bilibili.com/587203132
346296944,诶_嘿-,https://space.bilibili.com/346296944
666634751,骏骏超级帅,https://space.bilibili.com/666634751
29275164,萬丈龙我,https://space.bilibili.com/29275164
693994190,赫奇帕奇的学员,https://space.bilibili.com/693994190
25144872,enjoy小疯子,https://space.bilibili.com/25144872
107517981,ZP_Young,https://space.bilibili.com/107517981
638531601,爱吃橘子的黑猫啊,https://space.bilibili.com/638531601
399353599,天道一总司,https://space.bilibili.com/399353599
523633028,ewasxsd,https://space.bilibili.com/523633028
695841090,安肘,https://space.bilibili.com/695841090
471204041,小九爱喝红茶,https://space.bilibili.com/471204041
7587561,长弓俊一,https://space.bilibili.com/7587561
573736689,BAEK琳贤,https://space.bilibili.com/573736689
1023724342,饏鞪覊,https://space.bilibili.com/1023724342
486165331,残阳染秋,https://space.bilibili.com/486165331
2024960724,刺猬盖温572,https://space.bilibili.com/2024960724
44036174,七曵,https://space.bilibili.com/44036174
32735006,ちんえいのはは,https://space.bilibili.com/32735006
182610743,哈哈我头发超多,https://space.bilibili.com/182610743
435751065,血骨渡,https://space.bilibili.com/435751065
123655004,断影残翼,https://space.bilibili.com/123655004
1136259953,昵称且没有,https://space.bilibili.com/1136259953
499176285,一颗蓝莓blueberry,https://space.bilibili.com/499176285
95979855,我有多嚣张你不知道吗,https://space.bilibili.com/95979855
1821346076,constellation星座,https://space.bilibili.com/1821346076
74216133,今晚来我嘉,https://space.bilibili.com/74216133
621742055,京剧猫-明月,https://space.bilibili.com/621742055
1023724342,饏鞪覊,https://space.bilibili.com/1023724342
2023606772,鸡蛋汤世界,https://space.bilibili.com/2023606772
1067484348,一只没币改名的狗,https://space.bilibili.com/1067484348
179827878,扰眠,https://space.bilibili.com/179827878
38260131,时光绝迹,https://space.bilibili.com/38260131
1405184408,信标之神,https://space.bilibili.com/1405184408
391792593,意义不明daze,https://space.bilibili.com/391792593
356060260,本册小天使,https://space.bilibili.com/356060260
675602319,喝酒的哈士奇,https://space.bilibili.com/675602319
28540339,一米八的文凛,https://space.bilibili.com/28540339
31356766,钢筋铁骨我真滴按了,https://space.bilibili.com/31356766
2058522,深海電波,https://space.bilibili.com/2058522
317028152,默剧悲伤,https://space.bilibili.com/317028152
335829887,从未上过岸的非酋,https://space.bilibili.com/335829887
99566194,箭屏之风,https://space.bilibili.com/99566194
696848639,断桥烟雨丶友人殇,https://space.bilibili.com/696848639
39164003,可乐昌,https://space.bilibili.com/39164003
35828404,舟小尧,https://space.bilibili.com/35828404
341548712,默哀老子,https://space.bilibili.com/341548712
496249689,见习庭师伊吹萃香,https://space.bilibili.com/496249689
130756930,瓶子僵尸,https://space.bilibili.com/130756930
479506363,暮光闪闪Twilightxxx,https://space.bilibili.com/479506363
401315417,圍亿娀,https://space.bilibili.com/401315417
4137118,我才是正义,https://space.bilibili.com/4137118
478309007,第八个月亮,https://space.bilibili.com/478309007
479772821,阿妙在路上,https://space.bilibili.com/479772821
209472385,何情安辰star,https://space.bilibili.com/209472385
89306128,酢佬啊,https://space.bilibili.com/89306128
502533022,ShallowQiannian,https://space.bilibili.com/502533022
513827116,__柠夏__,https://space.bilibili.com/513827116
1067437994,乌合鸟,https://space.bilibili.com/1067437994
702184732,拌面awa,https://space.bilibili.com/702184732
388830198,梅子酒czb,https://space.bilibili.com/388830198
600057730,簌翊,https://space.bilibili.com/600057730
327073403,心中思慕的明月,https://space.bilibili.com/327073403
415490065,生吃腋毛,https://space.bilibili.com/415490065
1064060145,最差搭配,https://space.bilibili.com/1064060145
385103485,浩翟HaoZhai,https://space.bilibili.com/385103485
406325669,破译叫兽,https://space.bilibili.com/406325669
2052992319,朱虎熊罴,https://space.bilibili.com/2052992319
381794337,许何时知道,https://space.bilibili.com/381794337
426400807,星橙光照,https://space.bilibili.com/426400807
430600048,永远头发茂密,https://space.bilibili.com/430600048
40779785,A-_-YAN,https://space.bilibili.com/40779785
442058804,凌霄一览Online,https://space.bilibili.com/442058804
402209203,寿之司,https://space.bilibili.com/402209203
1502194797,侦探泰菲时之约定,https://space.bilibili.com/1502194797
383001947,R任心走,https://space.bilibili.com/383001947
425137558,贰柒柒柒丶,https://space.bilibili.com/425137558
479178957,随风来雨去,https://space.bilibili.com/479178957
694703702,朔CSK,https://space.bilibili.com/694703702
699657898,8个贝壳doki,https://space.bilibili.com/699657898
197307518,凉介小辣,https://space.bilibili.com/197307518
203813232,酸的小郭,https://space.bilibili.com/203813232
312932161,把猫头鹰烤了次,https://space.bilibili.com/312932161
398632856,klhyt_傀-银,https://space.bilibili.com/398632856
439102664,Jennylynn-,https://space.bilibili.com/439102664
215113204,奥特曼二世,https://space.bilibili.com/215113204
375814143,柠檬の雪,https://space.bilibili.com/375814143
8496238,小梓-702,https://space.bilibili.com/8496238
513026691,咸二喵,https://space.bilibili.com/513026691
691637828,tz_淘淘爱吃桃子,https://space.bilibili.com/691637828
473992509,勇儿iy,https://space.bilibili.com/473992509
1956293499,イケ-メン,https://space.bilibili.com/1956293499
396317100,小小的米线,https://space.bilibili.com/396317100
2067530644,榭呤,https://space.bilibili.com/2067530644
39072171,某些特BIE奇怪的事,https://space.bilibili.com/39072171
585077362,龗灪龖厵爨癵驫麣纞虋,https://space.bilibili.com/585077362
438613211,养猪场退役老厂长,https://space.bilibili.com/438613211
2009938202,芜湖-10086,https://space.bilibili.com/2009938202
204784712,诺亚大家族,https://space.bilibili.com/204784712
322269452,0_olI,https://space.bilibili.com/322269452
403420358,叫三哥好还是恪哥好,https://space.bilibili.com/403420358
2040890317,雾里已無回应,https://space.bilibili.com/2040890317
2040890317,雾里已無回应,https://space.bilibili.com/2040890317
296054729,魂炎小圣,https://space.bilibili.com/296054729
283077316,达浪呲菜丸,https://space.bilibili.com/283077316
283077316,达浪呲菜丸,https://space.bilibili.com/283077316
243842727,非理性的曼昆,https://space.bilibili.com/243842727
456624442,吾心1唯你,https://space.bilibili.com/456624442
8065269,吃花giao的口苗酱,https://space.bilibili.com/8065269
1742101742,The_DQWQ,https://space.bilibili.com/1742101742
1664685705,bili_82375911073,https://space.bilibili.com/1664685705
345822783,CultHe,https://space.bilibili.com/345822783
1520840821,想不出名字的路人丙,https://space.bilibili.com/1520840821
686615144,bili_48661586026,https://space.bilibili.com/686615144
475996562,小豆awa,https://space.bilibili.com/475996562
1337130462,残忆江南春,https://space.bilibili.com/1337130462
8414924,奇才_,https://space.bilibili.com/8414924
22245665,CACBMA,https://space.bilibili.com/22245665
381639521,贪van的cr苦力怕er,https://space.bilibili.com/381639521
66968416,茯不夸-_-,https://space.bilibili.com/66968416
440388494,獾院缓缓走出一个柠檬,https://space.bilibili.com/440388494
9051473,某摸鱼坏午,https://space.bilibili.com/9051473
