bvid,name,link
BV1ef4y177V2,â€œçœ¼é•œä¸€æˆ´ï¼Œç«åŠ›å…¨å¼€â€,https://www.bilibili.com/video/BV1ef4y177V2
BV19q4y1R7tZ,å…µå“¥å“¥çš„ç‹—ç‹—åœ¨éƒ¨é˜Ÿéƒ½åšä»€ä¹ˆï¼Ÿå“ˆå“ˆå“ˆå“ˆå“ˆå“ˆ,https://www.bilibili.com/video/BV19q4y1R7tZ
BV1qF411Y7Ud,é»‘ä¸ä½“æ“æœå°å§å§,https://www.bilibili.com/video/BV1qF411Y7Ud
BV12f4y177Fw,ç–‘ä¼¼DKè¾…åŠ©berylæ¯”èµ›ç¬¬ä¸€è§†è§’æµå‡º,https://www.bilibili.com/video/BV12f4y177Fw
BV13L4y1B736,åä»”é¢œå€¼å·…å³°æ—¶æœŸï¼Œå£å“¨ä¸€å¹å°å¼Ÿä¸€å †,https://www.bilibili.com/video/BV13L4y1B736
BV1L341127iB,å°åº¦è¡—å¤´æœ€å—æ¬¢è¿çš„ä¸€ç§å°åƒï¼Œè¿™æ‰æ˜¯å°åƒçš„çµé­‚,https://www.bilibili.com/video/BV1L341127iB
BV1eQ4y1Q7pA,æˆ‘çš„ä¸–ç•Œï¼šå€ŸåŠ©Himçš„åŠ›é‡ç©¿è¶Šæ—¶ç©ºï¼Œå»çœ‹çœ‹650ä¸‡å¹´å‰çš„ä¸–ç•Œ!,https://www.bilibili.com/video/BV1eQ4y1Q7pA
BV1A34y1S72X,é±¿é±¼æ¸¸æˆæœ€æ–°å®Œæ•´ç‰ˆï¼Œè¿™é‡Œçš„äººæ¯”ç”µè§†é‡Œè¿˜è¦åï¼,https://www.bilibili.com/video/BV1A34y1S72X
BV1TU4y1F7q1,æˆ‘çš„ä¸–ç•Œ è¶…çº§ç¼åˆæ€ªæ¨¡ç»„,https://www.bilibili.com/video/BV1TU4y1F7q1
BV18v411g7Yj,æ³ªç›®ï¼UPä¸»çº¯æ‰‹å·¥åœ¨æˆ‘çš„ä¸–ç•Œä¸­è¿˜åŸå‡ºäºŒç»´ç ï¼Œæ‰«äº†è¿˜èƒ½é¢†çº¢åŒ…ï¼Ÿ,https://www.bilibili.com/video/BV18v411g7Yj
BV1zq4y1d7UE,å²ä¸Šæœ€ç¦»è°±çš„MODã€äº²æµ‹å¯ç”¨ã€‘,https://www.bilibili.com/video/BV1zq4y1d7UE
BV1vv411g7A4,è‡ªåˆ¶ä»…1Gçš„å¼€æ”¾ä¸–ç•Œï¼Œä¸€ä¸ªäººå¼€ç€è½¦è‚†æ„ç‹‚é£™,https://www.bilibili.com/video/BV1vv411g7A4
BV1Lu411Z7CR,ç”Ÿæ´»ä¸­çœ‹ä¼¼ä¸èµ·çœ¼çš„ä¹ æƒ¯ï¼Œæ²¡æƒ³åˆ°åœ¨å…³é”®æ—¶æœ‰è¿™èˆ¬ç”¨å¤„,https://www.bilibili.com/video/BV1Lu411Z7CR
BV14b4y1Y7GF,é›¶ å…ƒ åƒï¼Ÿä½† è€ æ¿ å¨˜ æ˜¯ æ²³ å— äºº  Ngana Rindu,https://www.bilibili.com/video/BV14b4y1Y7GF
BV1Gh411J7YQ,â€œäººé—´æ¸…é†’â€,https://www.bilibili.com/video/BV1Gh411J7YQ
BV1Jf4y1c7xm,ä¸ºå³¡è°·è¿…æ·èŸ¹å‘å£°ï¼Œè‹±é›„è”ç›Ÿè®¾è®¡å¸ˆï¼,https://www.bilibili.com/video/BV1Jf4y1c7xm
BV1UU4y1A7zG,é»‘æš—ç»ˆå°†è¢«å…‰é©±æ•£ï¼,https://www.bilibili.com/video/BV1UU4y1A7zG
BV1e34111792,çŒ›è™ç‹çš„è¯»è¯„è®ºæ¥å•¦ï¼Œå°ç«ç½ä»¬æƒ³çŸ¥é“çš„éƒ½åœ¨è¿™é‡Œå•¦ï¼ã€é«˜å…¨èƒœã€‘,https://www.bilibili.com/video/BV1e34111792
BV1qf4y1E7E6,ä¸€å£ä¸‹å»éƒ½æ˜¯ç³–,https://www.bilibili.com/video/BV1qf4y1E7E6
BV1g44y1x7KX,ç¤¼è²Œæ²³è±šï¼šä½ å¦ˆ,https://www.bilibili.com/video/BV1g44y1x7KX
BV1aQ4y1X74q,ç™Œç—‡ï¼Œå°±æ˜¯ä½ çš„ç»†èƒé‡Œå‡ºäº†å›å¾’ï¼,https://www.bilibili.com/video/BV1aQ4y1X74q
BV1Ab4y1h7L8,ã€æ°´è“¼ã€‘å°±æ˜¯è¾£è“¼ï¼å¤šè¾£ï¼Ÿå±±å´©åœ°è£‚ï¼Œæµ·æ¯çŸ³çƒ‚è¿™ä¹ˆè¾£ï¼,https://www.bilibili.com/video/BV1Ab4y1h7L8
BV1J3411C7vM,æˆ‘æ˜¯ä¸€åæœºè½¦å‘çƒ§å‹ï¼Œè¿™æ˜¯æˆ‘ç©è½¦çš„æ—¥å¸¸ã€‚ä¿®å¤ä¸€å°ä¸¤å†²ç¨‹å‘åŠ¨æœºã€‚,https://www.bilibili.com/video/BV1J3411C7vM
BV1xg411F79X,å¸… ä½†ä¹Ÿä¸æ˜¯å¾ˆå¸…,https://www.bilibili.com/video/BV1xg411F79X
BV1Cv411w7E9,ä¼šåšé¥­çš„äººå°±æ˜¯æœ‰ä¸€ç§è¿·ä¹‹è‡ªä¿¡,https://www.bilibili.com/video/BV1Cv411w7E9
BV1e34111792,çŒ›è™ç‹çš„è¯»è¯„è®ºæ¥å•¦ï¼Œå°ç«ç½ä»¬æƒ³çŸ¥é“çš„éƒ½åœ¨è¿™é‡Œå•¦ï¼ã€é«˜å…¨èƒœã€‘,https://www.bilibili.com/video/BV1e34111792
BV1zU4y1w7rK,å¼€åœ¨è€å°åŒºé‡Œçš„éº»è¾£ç‰›æ²¹ç«é”…ï¼ç­·å­ç²—çš„ç‰›è‚‰æ¡å¤§å£å—¦ï¼ç‰¹è‰²èœè‹•çš®æŠ˜è€³æ ¹æ¶®èµ·èµ°~ï½œåœ†åœˆåœˆæ¢åº—vlog,https://www.bilibili.com/video/BV1zU4y1w7rK
BV1eU4y1w72H,ä¸‡èƒ½çš„æ•™å®˜å€’ä¸‹äº†,https://www.bilibili.com/video/BV1eU4y1w72H
BV1qr4y127qg,6ç‚¹20é€šå‘Šé¥°æ¼”ç™½è™å¤§å…µï¼Œç¬¬1æ¬¡ç©¿é‡ç›”ç”²49æ–¤ï¼Œé«˜æ¸©å¤§è‰åŸæ‹æ‘„,https://www.bilibili.com/video/BV1qr4y127qg
BV1L44y1t7my,ã€è·Ÿæˆ‘ä¸€èµ·ç˜¦01ã€‘è¿™æ¬¡ï¼Œæˆ‘è·Ÿä½ ä»¬ä¸€èµ·å‡è‚¥ï¼å…¨ç¨‹å®Œæ•´å‘ˆç°ï¼Œä¸æ€•ä½ èƒ–ï¼Œå°±æ€•ä½ ä¸åšæŒï¼,https://www.bilibili.com/video/BV1L44y1t7my
BV19u411Z7ad,çš‡ä¸Šå›šç¦å¤ªä¸Šçš‡ï¼Œé”å­”å°æ­»ç¦æ­¢å‡ºå…¥ï¼Œå¤§è‡£è§è§éƒ½å¾—ååŠç¯®,https://www.bilibili.com/video/BV19u411Z7ad
BV1bP4y1t7tU,è¿˜èƒ½è¿™æ ·æ“ä½œï¼ŒçœŸæ˜¯è®©æˆ‘å¼€çœ¼ç•Œäº†,https://www.bilibili.com/video/BV1bP4y1t7tU
BV1xR4y1p7t7,è¿™ä¸ªå¯¼æ¼”æ˜¯æœ‰å¤šçˆ±çœ‹ç»£æ˜¥åˆ€,https://www.bilibili.com/video/BV1xR4y1p7t7
BV1ZU4y1w7AU,ã€å“¥è°­ã€‘å°ä¸‘çœ‹ä¸Šä¼é¹…äººé«˜æ™ºå•†ï¼Œé‚€è¯·ä»–å‚åŠ ä¸€ä¸ªè®©ä¸–ç•Œéƒ½å˜æˆç–¯äººé™¢çš„è®¡åˆ’,https://www.bilibili.com/video/BV1ZU4y1w7AU
BV1kf4y1F7Gs,"ã€Šå¤–æ¥åª³å¦‡æœ¬åœ°éƒã€‹æ—¶éš”21å¹´11ä½æ¼”å‘˜ä»Šæ˜”å¯¹æ¯”ï¼Œåº·ä¼¯83å²éª¨ç˜¦å¦‚æŸ´,è®©äººå¦‚æ­¤æƒŠè®¶",https://www.bilibili.com/video/BV1kf4y1F7Gs
BV1av411g7Hh,çƒ­æƒ…çš„ä¸­å›½å¤ªç©ºé˜Ÿ,https://www.bilibili.com/video/BV1av411g7Hh
BV1Kf4y1g7j4,ã€å…”æ€»è£ã€‘ä¸‹ç­äº†ï¼å·å·è·³ä¸ªèˆåº”è¯¥æ²¡äººå‘ç°å§~,https://www.bilibili.com/video/BV1Kf4y1g7j4
BV1w34y1S7GL,é‡‘æ³°å¦ã€ŠBlueã€‹EmptyÂ Arenaè¶…å¼ºéŸ³è´¨ç‰ˆï¼Œå¸¦ä¸Šè€³æœºæ„Ÿå—è¿™ç›´å‡»çµé­‚çš„å£°éŸ³ï¼ï¼ï¼,https://www.bilibili.com/video/BV1w34y1S7GL
BV13f4y1w77K,è¿™å“¥è¶Šè¡¨ç°å¾—ç¦æ¬²ç–ç¦»ï¼Œè¶Šæ„Ÿè§‰ä»–è‰²æ°”æ»¡æ»¡ã€‚,https://www.bilibili.com/video/BV13f4y1w77K
BV1cQ4y1z7i7,æ™®é€šäººå­¦ã€ŠSavageã€‹çš„æ ·å­,https://www.bilibili.com/video/BV1cQ4y1z7i7
BV1UU4y1c7T2,ç¯®çƒæœå­¦å¦¹å±…ç„¶æ˜¯æˆ‘çš„å¥³å‹ï¼Ÿâ¤ï¸æ€¦ç„¶å¿ƒåŠ¨â¤ï¸4Ké«˜æ¸…ç¾ä¸½ã€ç¤¼ç¤¼ã€‘,https://www.bilibili.com/video/BV1UU4y1c7T2
BV1jh411H7sJ,çœ‹çœ‹ä¸‘å¥³å­©æ˜¯å¦‚ä½•æˆä¸ºå…¨æ ¡å¥³ç¥çš„ï¼ã€Šå¥³ç¥é™ä¸´ã€‹,https://www.bilibili.com/video/BV1jh411H7sJ
BV1Kf4y1g7j4,ã€å…”æ€»è£ã€‘ä¸‹ç­äº†ï¼å·å·è·³ä¸ªèˆåº”è¯¥æ²¡äººå‘ç°å§~,https://www.bilibili.com/video/BV1Kf4y1g7j4
BV1w34y1S7GL,é‡‘æ³°å¦ã€ŠBlueã€‹EmptyÂ Arenaè¶…å¼ºéŸ³è´¨ç‰ˆï¼Œå¸¦ä¸Šè€³æœºæ„Ÿå—è¿™ç›´å‡»çµé­‚çš„å£°éŸ³ï¼ï¼ï¼,https://www.bilibili.com/video/BV1w34y1S7GL
BV13f4y1w77K,è¿™å“¥è¶Šè¡¨ç°å¾—ç¦æ¬²ç–ç¦»ï¼Œè¶Šæ„Ÿè§‰ä»–è‰²æ°”æ»¡æ»¡ã€‚,https://www.bilibili.com/video/BV13f4y1w77K
BV1cQ4y1z7i7,æ™®é€šäººå­¦ã€ŠSavageã€‹çš„æ ·å­,https://www.bilibili.com/video/BV1cQ4y1z7i7
BV1UU4y1c7T2,ç¯®çƒæœå­¦å¦¹å±…ç„¶æ˜¯æˆ‘çš„å¥³å‹ï¼Ÿâ¤ï¸æ€¦ç„¶å¿ƒåŠ¨â¤ï¸4Ké«˜æ¸…ç¾ä¸½ã€ç¤¼ç¤¼ã€‘,https://www.bilibili.com/video/BV1UU4y1c7T2
BV1jh411H7sJ,çœ‹çœ‹ä¸‘å¥³å­©æ˜¯å¦‚ä½•æˆä¸ºå…¨æ ¡å¥³ç¥çš„ï¼ã€Šå¥³ç¥é™ä¸´ã€‹,https://www.bilibili.com/video/BV1jh411H7sJ
BV1Cv411w7E9,ä¼šåšé¥­çš„äººå°±æ˜¯æœ‰ä¸€ç§è¿·ä¹‹è‡ªä¿¡,https://www.bilibili.com/video/BV1Cv411w7E9
BV1qf4y1E7E6,ä¸€å£ä¸‹å»éƒ½æ˜¯ç³–,https://www.bilibili.com/video/BV1qf4y1E7E6
BV1zU4y1w7rK,å¼€åœ¨è€å°åŒºé‡Œçš„éº»è¾£ç‰›æ²¹ç«é”…ï¼ç­·å­ç²—çš„ç‰›è‚‰æ¡å¤§å£å—¦ï¼ç‰¹è‰²èœè‹•çš®æŠ˜è€³æ ¹æ¶®èµ·èµ°~ï½œåœ†åœˆåœˆæ¢åº—vlog,https://www.bilibili.com/video/BV1zU4y1w7rK
BV1wL4y1h7Fx,èŠ±å¼å‰¥çŸ³æ¦´,https://www.bilibili.com/video/BV1wL4y1h7Fx
BV1UQ4y1X7Aa,æ‘†æ‘Šå–ç³–é¥¼å±…ç„¶ç¿»è½¦äº†ï¼Ÿæ€ä¹ˆå¯èƒ½ï¼Ÿæˆ‘å¯æœ‰ç¤¾äº¤ç‰›æ‰¹ç—‡å“ï¼,https://www.bilibili.com/video/BV1UQ4y1X7Aa
BV18Q4y1X7QY,ä¸Šæµ·çœŸæ­£å€¼å¾—ä¹°çš„ç¾é£Ÿï¼Œä½ åƒè¿‡å‡ æ ·ï¼Ÿ#ä¸Šæµ·#,https://www.bilibili.com/video/BV18Q4y1X7QY
BV1Xf4y177hY,ã€æ—å¿—ç‚«MVã€‘ä½ æ°¸é ä¸çŸ¥é“,https://www.bilibili.com/video/BV1Xf4y177hY
BV1Zf4y177WY,ã€Girls planet 999ã€‘ã€ŠSnakeã€‹å…¨ä½“ç›´æ‹æ”¾é€ åŒå±ä¸‹å¯¹æ¯” çœ‹çœ‹è°æ‰æ˜¯çœŸæ­£çš„ç¾å¥³è›‡,https://www.bilibili.com/video/BV1Zf4y177WY
BV1vL411x7Yz,åˆ˜å¼ºä¸œå¯¹å‘˜å·¥è¯´ï¼šæˆ‘æ˜¯æ–°æ¥çš„ï¼Œå°ä¼™å­ç„äº†ä»–ä¸€çœ¼è¡¨æƒ…äº®äº†ï¼,https://www.bilibili.com/video/BV1vL411x7Yz
BV1x34y1S7xX,å±±æ´èº²é›¨é—®é¢˜ã€‚è¿˜æ˜¯ä¸‹ä¸ªåè¯ˆappå§!,https://www.bilibili.com/video/BV1x34y1S7xX
BV1av411g7Zr,å¦»å­è‡ªè±ªå‡ºè½¨13äººï¼Œä¸ˆå¤«ï¼šå­©å­æœ‰æ²¡æœ‰å¯èƒ½æ˜¯æˆ‘çš„å‘¢ï¼Ÿ,https://www.bilibili.com/video/BV1av411g7Zr
BV1Kq4y1o7n8,ã€é»„éœ„é›²ã€‘ä¸­å›½å¥½å£°éŸ³vlogç¬¬äºŒé›†  â€œæˆ‘è¿˜ä¸æƒ³ä¸‹ç­ï¼Œå› ä¸ºæˆ‘çƒ­çˆ±å·¥ä½œâ€,https://www.bilibili.com/video/BV1Kq4y1o7n8
BV1Wq4y1V7aH,æ‰“éº»å°†æ€ä¹ˆèƒ½å°‘å¾—äº†æ‹›è´¢å–µï¼,https://www.bilibili.com/video/BV1Wq4y1V7aH
BV15q4y1575N,560ä¹°çš„æ¤°å­èŸ¹ï¼Œå®ƒèƒ½æŠŠæ¤°å­æ‰“å¼€åƒæ¤°å­å—ï¼Ÿ,https://www.bilibili.com/video/BV15q4y1575N
BV1Eq4y1o7vy,çŒ«ï¼šçƒ¦æ­»äº†ï¼ï¼ï¼,https://www.bilibili.com/video/BV1Eq4y1o7vy
BV16f4y177Yu,å½“åˆçœ‹ä½ å¯çˆ±èŠ±9.9ä»è¶…å¸‚æ¡æ¼å›æ¥ï¼Œæ²¡æƒ³åˆ°ä½ æœ€åå´å˜æˆäº†ä¸€åªç»¿èŒ¶çŒ«,https://www.bilibili.com/video/BV16f4y177Yu
BV1S34y1U7yP,â€œä¸ï¼ä¸»äººï¼Œé‚£é‡Œä¸å¯ä»¥å“¦â€,https://www.bilibili.com/video/BV1S34y1U7yP
BV1m34y1S7vD,ã€å´©ä¸‰èŒæ–°å›¾é‰´ã€‘è€å©†ï¼Ÿæ‹¿æ¥å§ä½ ï¼,https://www.bilibili.com/video/BV1m34y1S7vD
BV1Eb4y1172T,ã€Šå‹    è¿«   æ„Ÿã€‹,https://www.bilibili.com/video/BV1Eb4y1172T
BV1hq4y1d7Gt,æˆ‘è¦ç»™æˆ‘å¾‹å¸ˆæ‰“ç”µè¯ï¼,https://www.bilibili.com/video/BV1hq4y1d7Gt
BV1i64y187jG,ã€APEXã€‘å½“ä½ æŠŠè·³æ¿å¼ºåŒ–äº†5å€å¹¶å°†ç©ºä¸­åŠ é€Ÿè°ƒè‡³æœ€å¤§,https://www.bilibili.com/video/BV1i64y187jG
BV1Zq4y1d7C7,CSGOç©ºå¯¹åœ°ç²¾å‡†ç”µå‡»,https://www.bilibili.com/video/BV1Zq4y1d7C7
BV1J44y1x7kC,ã€ä½¿å‘½å¬å”¤æ‰‹æ¸¸ã€‘ç­–åˆ’ç–¯äº†ï¼ä¼ è¯´çº§æ©™æªå…è´¹é€ï¼è¿˜é€200ä½¿å‘½å¡ç‰‡ï¼,https://www.bilibili.com/video/BV1J44y1x7kC
BV1Kq4y1N719,ä»€ä¹ˆå«æ­»å®…ä¹‹è·¯å•Šï¼Ÿæ‰“äº†150ä¸ªmodçš„æ±‚ç”Ÿä¹‹è·¯æ˜¯è¿™æ ·çš„ï¼ˆé»‘è‰²ç‹‚æ¬¢èŠ‚ï¼‰,https://www.bilibili.com/video/BV1Kq4y1N719
BV1yf4y177VC,ä»Šæ™šå‰§æœ¬æˆ‘æ”¹å†™ï¼ å‘¨å¯è±ª:ã€Šç–¯ç‹‚åä¹åˆ†ã€‹,https://www.bilibili.com/video/BV1yf4y177VC
BV1Mv41137g5,ä½ ä»¬æœ‰è·Ÿé¢†å¯¼æ‰“çƒçš„ç»å†å—ï¼Ÿ,https://www.bilibili.com/video/BV1Mv41137g5
BV1eM4y137nB,ç‚¸çƒè½¬èº«çš„è¯¯åŒº,https://www.bilibili.com/video/BV1eM4y137nB
BV1GL411G71H,è¥¿å®‰ä½“è‚²å­¦é™¢æ–°ç”Ÿæ–­ç½‘åï¼Œæ¥¼æ¢¯é“å†…ä»¥æ­¦ä¼šå‹ä»£æ›¿è‡ªæˆ‘ä»‹ç»,https://www.bilibili.com/video/BV1GL411G71H
BV1D34y1U7iP,å°æ¹¾è¶…å…ˆè¿›çš„youbike2.0å…¬å…±å•è½¦æ¥äº†ï¼Œé æ¡©åœï¼Œè¶…å…ˆè¿›â€¦â€¦,https://www.bilibili.com/video/BV1D34y1U7iP
BV14T4y1o7E9,NBAç‰ˆæ°´æµ’ä¼ -å¤©ç½¡ä¸‰åå…­æ˜Ÿ,https://www.bilibili.com/video/BV14T4y1o7E9
BV1ML411G7aq,æˆ‘å…«å¾æœä¸‰æ˜Ÿå¤§å¤´ï¼Œè·Ÿå¤§å“¥è¯´äº†ä¸€å¥åˆ«æŠ•ï¼Œå¤§å“¥åæ‰‹å°±æŠŠæˆ‘é€èµ°ï¼,https://www.bilibili.com/video/BV1ML411G7aq
BV1Bu411Z7DV,é¾™æ—ä¸ºä½•è€Œå¼ºå¤§ï¼»æ¸¸æˆç‹æ¯æ—¥ä¸€å¡51ï¼½,https://www.bilibili.com/video/BV1Bu411Z7DV
BV1xT4y1o7zU,ã€ç™¾å‘è®²å›Â·é›¶ã€‘ç¬¬154æœŸÂ·æˆ‘æ»¡è¡€æ»¡ç‰Œä½ èƒ½ç§’æˆ‘ï¼Ÿï¼,https://www.bilibili.com/video/BV1xT4y1o7zU
BV113411171B,èŠ¸é¾™å…„å¥½ä¹…ä¸è§å‘€ï¼,https://www.bilibili.com/video/BV113411171B
BV14U4y1c7Dw,ã€å®æ™¯æ¢æ¡ˆäº’åŠ¨è§†é¢‘ã€‘ç¦»å¥‡å…¬å¯“å…¨æ˜¯BTï¼Œè°æ˜¯çº ç¼ ä½ çš„è·Ÿè¸ªç‹‚ï¼Ÿã€æ‚¬ç–‘Â·å¾®æÂ·æ²‰æµ¸Â·åˆ›æ–°Â·ç¬¬ä¸€äººç§°Â·å®æ™¯äº’åŠ¨å‰§æœ¬æ€ã€‘,https://www.bilibili.com/video/BV14U4y1c7Dw
BV1VR4y1J7Wy,ç”¨ä¸‰å›½æ¼”ä¹‰è¿˜åŸä¸‰å›½æ€å¼€ä¼šç°åœºï¼Ÿï¼,https://www.bilibili.com/video/BV1VR4y1J7Wy
BV1xq4y1K7mP,æ•™æ‚¨ç”»å…°è‰,https://www.bilibili.com/video/BV1xq4y1K7mP
BV1zf4y1j7qe,ç™½å®«è¦â€œæ–­ç²®â€ï¼Ÿæ²¡é’±äº¤æˆ¿ç§Ÿè¢«èµ¶å‡ºï¼Œç¾å›½åº•å±‚ç™¾å§“ä½•å»ä½•ä»ï¼Ÿ,https://www.bilibili.com/video/BV1zf4y1j7qe
BV1DU4y1c78E,æˆ‘æ˜¯å¦‚ä½•æˆ’æ‰æš´èºï¼Œå…‹æœæƒ…ç»ªåŒ–çš„ï¼Ÿ#äº†ä¸èµ·çš„åˆ†äº«#,https://www.bilibili.com/video/BV1DU4y1c78E
BV1av411g7Hh,çƒ­æƒ…çš„ä¸­å›½å¤ªç©ºé˜Ÿ,https://www.bilibili.com/video/BV1av411g7Hh
BV1n44y1x7L2,å¸å®Œæ¯’è¿˜è§‰å¾—è‡ªå·±æ˜¯å—å®³è€…ï¼Œå–å®Œæƒ¨åˆå’Œç½‘å‹å¯¹éª‚ï¼Œè¿™å¤§æ˜æ˜Ÿå¯çœŸå§”å±ˆã€æ´å¯Ÿç¤¾ä¼šç³»åˆ—54ã€‘,https://www.bilibili.com/video/BV1n44y1x7L2
BV1vL4y167Wk,ä»–ä»¬æ˜¯ä¸ºæˆ‘è€Œæ­»ï¼ã€ŠåŠŸå‹‹ã€‹ä¹‹èƒ½æ–‡èƒ½æ­¦æå»¶å¹´ï¼Œä¸»æ—‹å¾‹å†å²å‰§æ–°æ ‡æ†ï¼,https://www.bilibili.com/video/BV1vL4y167Wk
BV1Jf4y1c7xm,ä¸ºå³¡è°·è¿…æ·èŸ¹å‘å£°ï¼Œè‹±é›„è”ç›Ÿè®¾è®¡å¸ˆï¼,https://www.bilibili.com/video/BV1Jf4y1c7xm
BV1kf4y1E7ZH,è…•è±ªï¼šå¥¥ä¹‰è¿ç»­è“„æ„è½°æ‹³ï¼ï¼ï¼,https://www.bilibili.com/video/BV1kf4y1E7ZH
BV1wr4y1274Y,ã€è‹±é›„è”ç›Ÿå‰§æƒ…è§£è¯´ã€‘æˆ‘ä¸å«æ¥šé›¨é²Ÿï¼æˆ‘å«è”šï¼,https://www.bilibili.com/video/BV1wr4y1274Y
BV1tQ4y1k77u,æ„Ÿè°¢è§…æ¸¡ï¼Œè®©æˆ‘æˆä¸ºé˜³å…‰ç”·å­©ï½,https://www.bilibili.com/video/BV1tQ4y1k77u
BV1xq4y1d7dt,ä¸»æ’­ç‚¸äº†è¶…ç¥ç¯‡476ï¼šknightä¼Šæ³½ç‘å°”å¢é”¡å®‰é«˜æ‰‹è¿‡æ‹›   æµªDçƒˆç«èˆ¹é•¿ä¼ ç»Ÿè‰ºèƒ½999çœŸä¼¤,https://www.bilibili.com/video/BV1xq4y1d7dt
BV1TQ4y1z71p,å¯¹é¢å¡è¨ä¸ä¹Ÿå¤ªä¸å°Šé‡æˆ‘äº†ï¼Œé‚£å°±æ„Ÿå—ä¸‹ç—›æ¥šå§,https://www.bilibili.com/video/BV1TQ4y1z71p
BV1A44y187rQ,46Må¤§å°çš„ç›—ç‰ˆç‹è€…ï¼Œç«Ÿç„¶è¿˜æœ‰ç”ŸåŒ–æ¨¡å¼ï¼Œè‹±é›„ä»å¤´ç»¿åˆ°è„šï¼,https://www.bilibili.com/video/BV1A44y187rQ
BV1qU4y1w7uK,çŒªå…«æˆ’ï¼šæˆ‘è·Ÿå•å¸ƒè²‚è‰å¯¹çº¿ï¼Ÿ,https://www.bilibili.com/video/BV1qU4y1w7uK
BV1Mb4y1Y7ya,ç‹è€…å‘¨å¹´åº†å¦‚ä½•äº”é€‰äºŒï¼Œåˆ°åº•é€‰æ€ä¹ˆé€‰ï¼Œé€‰å“ªæ¬¾ä¸åæ‚”,https://www.bilibili.com/video/BV1Mb4y1Y7ya
BV13v41137N9,ã€å¤§ä»™å…¨å®¶æ¡¶ã€‘ç‹è€…è¦ä¸Šçº¿æ–°è‹±é›„å…«ç¥åºµï¼Ÿä¸¤æ¬¾6å…ƒçš®è‚¤æ¥è¢­ï¼Œå…­å‘¨å¹´é™å®šçš®è‚¤æ˜¯TA,https://www.bilibili.com/video/BV13v41137N9
BV1B44y1x7HA,ä¸œçš‡æ•™å®˜ï¼šä¸œçš‡å¤ªä¸€è·³èˆåŠ¨ä½œé™æ—¶è¿”åœºï¼éƒ½ç»™æˆ‘ä¸Šå·ï¼,https://www.bilibili.com/video/BV1B44y1x7HA
BV18v411g7UV,ä¸æ•°ä¸€å“ˆï¼ŒçœŸæ²¡è§‰å¾—æœ‰è¿™ä¹ˆå¤šç‹ã€‚,https://www.bilibili.com/video/BV18v411g7UV
BV1Kv41137Dg,ã€è‰¾å”ã€‘æ¢ç§˜8å¨é‡é‡‘åº“å¤§é—¨åï¼Œæ”¶è—ç™¾ä¸‡æšç¡¬å¸çš„è±ªå®…é•¿ä»€ä¹ˆæ ·,https://www.bilibili.com/video/BV1Kv41137Dg
BV1uR4y1J7av,å¤–é¢ç‹‚é£å‘¼å•¸ï¼æˆ‘ä»¬åœ¨æ¸©æš–çš„æˆ¿è½¦é‡Œåšé¥­åƒé¸¡~ã€VanLifeã€‘,https://www.bilibili.com/video/BV1uR4y1J7av
BV1cg411F7Af,æˆ‘ä¸å…è®¸æœ‰äººåˆ°é‡åº†ä¸å»è¿™é‡Œï¼,https://www.bilibili.com/video/BV1cg411F7Af
BV15L4y167bc,æ™¯åŒº300å¤šæ–¤æ¸¸å®¢åè½¿å­ï¼Œ2ä¸ªç˜¦å¼±è½¿å¤«è‰°éš¾æŠ¬ä¸Šå±±ï¼Œç›®å‡»è€…ï¼šå¤ªéš¾äº†,https://www.bilibili.com/video/BV15L4y167bc
BV1fU4y1A7wu,æ—…æ¸¸æ˜¯å¸¦ç€ç›®çš„ï¼Œæ—…è¡Œæ˜¯å¯»æ‰¾ç›®çš„,https://www.bilibili.com/video/BV1fU4y1A7wu
BV1KP4y1h7sx,ã€èˆªç©ºã€‘å‰ç¥¥èˆªç©ºçš„ç©ºå§ï¼Œä¸å…‰é•¿çš„å¥½çœ‹ï¼ŒæœåŠ¡ä¹Ÿæ˜¯è¶…çº§æ£’,https://www.bilibili.com/video/BV1KP4y1h7sx
BV1Gv41137Ni,æ—©ä¸Šç”¨äº†é£˜æŸ” æ”¾å¤§äº†çœ‹ä¸€æ¬¡,https://www.bilibili.com/video/BV1Gv41137Ni
BV1Ah411J7To,å‘¨æ°ä¼¦ã€Šçˆ±åœ¨è¥¿å…ƒå‰ã€‹ç”¨æ¥”å½¢æ–‡å­—åˆ»ä¸‹äº†æ°¸è¿œã€‚ã€‚ã€‚ä¹Ÿå¯èƒ½æ˜¯ç”²éª¨æ–‡,https://www.bilibili.com/video/BV1Ah411J7To
BV1kf4y1j7vN,ç”¨åŸåˆ›æ­Œæ›²ã€Šä½ ã€‹ï¼Œå‚åŠ ä¸€ä¸‹bç«™çš„æ ¡å›­åŸåˆ›éŸ³ä¹å¤§èµ›,https://www.bilibili.com/video/BV1kf4y1j7vN
BV1GL4y1h754,ã€æŒ‡å¼¹å‰ä»–ã€‘ã€Šåçˆ±ã€‹å›å¿†æ€ï¼æ ‡è°ƒç‰ˆï¼Œè¿˜åŸã€Šä»™å‰‘å¥‡ä¾ ä¼ 3ã€‹æ’æ›²å‰ä»–æ”¹ç¼–,https://www.bilibili.com/video/BV1GL4y1h754
BV1RA411F7cR,æ˜¯ä¾§è„¸å§ é™„è°±,https://www.bilibili.com/video/BV1RA411F7cR
BV17q4y157Py,ä»–27äº†ï¼Œä½†æ˜¯ä»–ä¾æ—§è¢«ä»–å¦ˆå¦ˆé€¼ç€åœ¨äº²æˆšé¢å‰è¡¨æ¼”èŠ‚ç›®,https://www.bilibili.com/video/BV17q4y157Py
BV11f4y1c7Ha,è¿™é…’æ²¡ç™½å–ï¼,https://www.bilibili.com/video/BV11f4y1c7Ha
BV1oQ4y1Q7a7,èƒŒé èƒŒç”·ç«¥ï¼Ÿè¾¾å’©ï¼è„¸è´´è„¸æƒ…ä¾£ï¼Œèˆ¬é…ï¼ï¼ï¼,https://www.bilibili.com/video/BV1oQ4y1Q7a7
BV1RP4y187pZ,åœ¨é“ºæ»¡å°˜çš„è½¦èº«ä¸Šå†™å­—ï¼Ÿå·®ç‚¹è¢«èµ¶èµ°ï¼,https://www.bilibili.com/video/BV1RP4y187pZ
BV12Q4y1Q7ic,é¾™çŒ«æµæ²™å°å¤œç¯~æ¯é¾™çŒ«çœŸçš„æƒ¨,https://www.bilibili.com/video/BV12Q4y1Q7ic
BV1CQ4y1X7ma,èŠ±30å¤©åšäº†ä¸ªæœºæ¢°è‡‚ï¼Œå´ç”¨å®ƒæ¥ç‚’èœï¼Ÿ,https://www.bilibili.com/video/BV1CQ4y1X7ma
BV1C341117cJ,ğŸ”¥æ„Ÿå—ä¸€ä¸‹ä¸€ä¸ªäººé—²ä¸‹æ¥æ˜¯å¤šä¹ˆçš„ææ€–,https://www.bilibili.com/video/BV1C341117cJ
BV1dq4y1R7BM,æŠ•85ä¸‡è½¦æŸé™©ï¼Œå‡ºäº‹åå´åªèµ”38ä¸‡ï¼Œä¿é™©å…¬å¸ï¼šä½ è½¦ä¸å€¼é’±ï¼,https://www.bilibili.com/video/BV1dq4y1R7BM
BV1Mf4y177J5,æˆ‘ä¹Ÿæ˜¯ä½ æ¸…åå¾—ä¸åˆ°çš„äººæ‰,https://www.bilibili.com/video/BV1Mf4y177J5
BV1PR4y1p7cF,F1èµ›è½¦çš„è½®èƒå…‰æ»‘æ²¡æœ‰èƒçº¹ï¼Œä¸ºä½•æŠ“åœ°åŠ›å´é‚£ä¹ˆå¥½,https://www.bilibili.com/video/BV1PR4y1p7cF
BV1kQ4y1X7tV,ç‹ä¸»ä»»ç°åœºé‰´å®šæµ·å—çƒ­å¸¦é›¨æ—é‡Œçš„ç‰¹æœ‰ç‰©ç§ï¼,https://www.bilibili.com/video/BV1kQ4y1X7tV
BV1sL4y1678W,æµ·å—çƒ­å¸¦é›¨æ—å›½å®¶å…¬å›­ï¼šæˆ‘çœ‹å¾—æ‡‚ï¼Œå¹¶ä¸”æˆ‘å¤§å—éœ‡æ’¼ã€‚,https://www.bilibili.com/video/BV1sL4y1678W
BV1Xf4y1j7eR,ç”¨åŒ–å­¦å¼éª‚äººï¼Ÿ,https://www.bilibili.com/video/BV1Xf4y1j7eR
BV1J3411C7vM,æˆ‘æ˜¯ä¸€åæœºè½¦å‘çƒ§å‹ï¼Œè¿™æ˜¯æˆ‘ç©è½¦çš„æ—¥å¸¸ã€‚ä¿®å¤ä¸€å°ä¸¤å†²ç¨‹å‘åŠ¨æœºã€‚,https://www.bilibili.com/video/BV1J3411C7vM
BV17P4y1h71Q,è¿™å¤§æ¦‚å°±æ˜¯ä¼ è¯´ä¸­çš„å¯Œå©†å¿«ä¹åŒ…å§â€”â€”ä¹æ—’é˜ç°ªå¨˜å‘ç°ªæ‰“åŒ…,https://www.bilibili.com/video/BV17P4y1h71Q
BV1dg411c7UE,æˆ‘çš„çˆ±ä¸½ä¸ç«‹ä½“ä¹¦åšå¥½å•¦,https://www.bilibili.com/video/BV1dg411c7UE
BV1nu411Z7VC,ç¾å›¢åˆšåˆšè¢«ç½šäº†äº¿ç‚¹ç‚¹ï¼Œç„¶åå°±å¬è¯´æŠŠå¤–å–å°å“¥çš„é…é€è´¹ä¸‹è°ƒäº†ä¸€å—ï¼,https://www.bilibili.com/video/BV1nu411Z7VC
BV1RL4y187SM,ã€æ‰‹å¸ã€‘æ‰‹å¸åšä¸»å†æ¬¡æŒ‘æˆ˜æ¸…æ˜ä¸Šæ²³å›¾,https://www.bilibili.com/video/BV1RL4y187SM
BV1Eq4y157W9,è¶Šè¯´è¶Šç¦»è°±å•Šå®å‹,https://www.bilibili.com/video/BV1Eq4y157W9
BV1dT4y1Z7hF,Never Gonna Give GTA4 Up,https://www.bilibili.com/video/BV1dT4y1Z7hF
BV1Ah411J7jo,ä¹é«˜æ¸¸æˆï¼šæ²‰ç¡å·²ä¹…çš„æ€ªç‰©ç†Šçªç„¶å‡ºç°ï¼Œæˆ‘èƒ½å¦å¼€ç›´å‡æœºæŠŠå®ƒå‡»é€€ï¼Ÿ,https://www.bilibili.com/video/BV1Ah411J7jo
BV1364y1a7ye,æ–¹èˆŸvsï¼šåˆ›ä¸–çºª1vsåˆ›ä¸–çºª2,https://www.bilibili.com/video/BV1364y1a7ye
BV1zU4y1w78Q,ã€é¬¼ç•œæ²¡ã€‘ç‰›å¥¶è´¼-æ‡‚æ³•å¾‹çš„ç†ŠäºŒ,https://www.bilibili.com/video/BV1zU4y1w78Q
BV1FL411x75M,å¦‚ä½•åœ¨åœ°å›¾ä¸Šæ ‡ç‚¹,https://www.bilibili.com/video/BV1FL411x75M
BV1U3411C7F4,ã€ R77 MinecraftåŠ¨ç”»ã€‘åˆ¶ä½œå¯çˆ±çš„é›ªå‚€å„¡,https://www.bilibili.com/video/BV1U3411C7F4
BV19U4y1A7SJ,æµ“éƒç§‹å†¬æ°›å›´è‰²/å…¨å‘˜æ˜¾ç™½ é»„çš®è¯·è¿›/æ©˜æœµå”‡æ³¥æ–°å“æ— åºŸè¯è¯•è‰²,https://www.bilibili.com/video/BV19U4y1A7SJ
BV18U4y1c7j6,æˆ‘ä»¿äº†ï¼æˆ‘æ–¹äº†ï¼,https://www.bilibili.com/video/BV18U4y1c7j6
BV1NL411G7eV,ä¸‰æ­¥å µä½ä¸‰å§‘å…­å©†çš„å˜´ï¼Ÿ,https://www.bilibili.com/video/BV1NL411G7eV
BV1Zq4y1d7Zc,ã€å‹‡ä»”å‹‡æ•¢è¯´ã€‘çˆ†æ¬¾å¹³ä»·é®ç‘•ï¼ŒçœŸä¹°çœŸç”¨çœŸè¯„ä»·ï¼,https://www.bilibili.com/video/BV1Zq4y1d7Zc
BV1EQ4y1D7jt,å¦‚ä½•æ‹¯æ•‘ç»†è½¯å¡Œå¤´å‘å°‘ï¼Ÿç®€å•ä¸‰æ­¥å˜å‘é‡ç‹è€… ç§ƒå¤´çš„ä½ è¿˜ä¸å¿«å­¦,https://www.bilibili.com/video/BV1EQ4y1D7jt
BV1d34y1U7Bc,å››å·äººä¼ªè£…è®¡åˆ’å¤±è´¥ï¼Œéªšç‘ï¼Œæ‰€ä»¥è¿™æ˜¯ä¸‰å·è¯ç”»çœ‰æ¯›,https://www.bilibili.com/video/BV1d34y1U7Bc
BV1Ch411n7PR,çœ‹ç€åˆ«äººéƒ½é‚£ä¹ˆåŠªåŠ›ï¼Œæ˜¯æ—¶å€™ä¸Šå²¸äº†ï¼ä¸€ä¸ªèµä¸€å¼ ç¨¿å­ï¼,https://www.bilibili.com/video/BV1Ch411n7PR
BV1F341117MC,è¿™æ‰æ˜¯çœŸæ­£çš„ç”»æ¸£,https://www.bilibili.com/video/BV1F341117MC
BV1HR4y1H72T,ï¼ˆæ³¢å…°çƒï¼‰è¿˜vanä¸vané±¿é±¼æ¸¸æˆäº†,https://www.bilibili.com/video/BV1HR4y1H72T
BV13b4y1Y7oh,ã€WLOPã€‘é»‘å¤©é¹…ã€3Dæ¸²æŸ“+2Dç»˜ç”»ã€‘ã€Blender+Photoshopã€‘,https://www.bilibili.com/video/BV13b4y1Y7oh
BV1Vq4y1N7Dq,åœ¨çœ‹äº†ç±³å±±èˆå¤ªå¤ªçš„ä½œå“åâ€¦â€¦,https://www.bilibili.com/video/BV1Vq4y1N7Dq
BV1RL411s7fh,è¿™æ’­æ”¾é‡æœ‰ä¸€ä¸ªæˆ‘å°±ç”»ä¸€é¡µâ€¦â€¦å§æ§½æˆªæ­¢äº†â€¦â€¦,https://www.bilibili.com/video/BV1RL411s7fh
BV1NQ4y1X7zA,å››ä¸ªäººå„å”±å„çš„èƒ½å®Œæˆä¸€é¦–ã€Šç¾¤é’ã€‹å—ï¼Ÿï¼,https://www.bilibili.com/video/BV1NQ4y1X7zA
BV1cu411f7LX,å•¦å•¦å•¦å¾·ç›è¥¿äºš,https://www.bilibili.com/video/BV1cu411f7LX
BV1b44y1t7uM,ã€åƒæƒŠï¼ã€‘å‡å¦‚ç”¨å››å·è¯å”±ã€ŠSavageã€‹...çœŸçš„å‡ºä¹æ„æ–™...,https://www.bilibili.com/video/BV1b44y1t7uM
BV1iv411G79S,æ ¡å›­è‰åªæ¸©æŸ”ç”·å£°ç¿»å”±ã€Šæ™´å¤©ã€‹å¤§åˆå”±çœŸç¾å¥½å“¦å“¦å“¦,https://www.bilibili.com/video/BV1iv411G79S
BV1zL411s79n,è‡ªå·±ç´è¡Œå€’é—­å‰çš„æœ€åä¸€é¦–ã€Œä½ å¿«ä¹æ‰€ä»¥æˆ‘å¿«ä¹ã€ ä¸€äººä¹é˜Ÿ|ç¥ä½ å¿«ä¹,https://www.bilibili.com/video/BV1zL411s79n
BV1gR4y1J7qL,ã€ŠèŠ±æµ·ã€‹å‰ä»–çº¯å‡€ç‰ˆï¼ŒæœŸå¾…ä¸ä½ åœ¨ç¿çƒ‚çš„èŠ±æµ·ç›¸é‡â€¦â€¦,https://www.bilibili.com/video/BV1gR4y1J7qL
BV1A34y1m7E4,â€œå¤§èªæ˜â€7200è½¬æ¢æŒ¡ï¼Œæ²ˆæ•™å“è’™äº†,https://www.bilibili.com/video/BV1A34y1m7E4
BV1EQ4y1674j,æ–°èƒ½æºæ±½è½¦è¢«æ’ï¼Œç»ˆèº«è´¨ä¿ä¸äº«ï¼ŒæŸå¤±è°æ¥æ‹…è´£,https://www.bilibili.com/video/BV1EQ4y1674j
BV1zQ4y1z7cR,ç”µåŠ¨è½¦ç”µæ± å¯¿å‘½æœ‰å¤šé•¿ï¼Ÿ,https://www.bilibili.com/video/BV1zQ4y1z7cR
BV1v44y1x7xQ,å¹¿ä¸œé«˜é€Ÿä¸Šä¸¤è½¦å‘ç”Ÿäº‹æ•…ï¼Œå´æœ‰23åè½¦ä¸»è¢«å¤„ç½šï¼å¸æœºä»¬è¢«é›†ä½“æ•™è‚²,https://www.bilibili.com/video/BV1v44y1x7xQ
BV1hU4y1w773,å¿«åˆ†äº«ç»™ä½ èº«è¾¹ç”¨ç´¢å°¼çš„æœ‹å‹å§ï¼Œå…´è®¸ä»–ä»¬ä¹Ÿæ˜¯å…°åšåŸºå°¼çš„æ½œåœ¨ç”¨æˆ·,https://www.bilibili.com/video/BV1hU4y1w773
BV18q4y1d7Tq,é©¬å¥æ–¯å¾ˆäº†è§£ï¼Œä½†æˆ‘ä»¬é€šå¸¸å‚»å‚»åˆ†ä¸æ¸…æ¥šï¼Œmotogp è½¦æ‰‹è¶…å‡ºèµ›é“ä¼šæ€ä¹ˆå¤„ç½šå‘¢ï¼Ÿçœ‹å®Œå°±çŸ¥é“äº†ï¼,https://www.bilibili.com/video/BV18q4y1d7Tq
BV1n341117To,C4Dåˆ¶ä½œå„ç§ç‰¹æ•ˆåˆé›† 123æœ¨å¤´äºº é±¿é±¼æ¸¸æˆ å®æ™¯åˆæˆ,https://www.bilibili.com/video/BV1n341117To
BV1YU4y1w75F,ã€çŸ­çš„å‘å¸ƒä¼šã€‘æˆ‘ä»¬èµ¢äº†ï¼Amazfitè·ƒæˆ‘å‘å¸ƒå…¨æ–°é¸¡è¸¢é¸­å¹´åº¦æ——èˆ°è¡¨,https://www.bilibili.com/video/BV1YU4y1w75F
BV1fL4y1q7AL,ç•…æƒ³100å¹´åçš„ä¸­å›½èˆªå¤©ï¼å›½äººè‡ªåˆ¶CGï¼Œè¢«ç‚¸åˆ°äº†ï¼,https://www.bilibili.com/video/BV1fL4y1q7AL
BV1CQ4y1X7ma,èŠ±30å¤©åšäº†ä¸ªæœºæ¢°è‡‚ï¼Œå´ç”¨å®ƒæ¥ç‚’èœï¼Ÿ,https://www.bilibili.com/video/BV1CQ4y1X7ma
BV1i3411C7MF,æˆ‘çš„è½¦åº“æ–°è½¦å’Œç”Ÿæ´»è¿‘å†µæ›´æ–°ï¼å·®ç‚¹æ²¡èµ¶ä¸Šç¬¬äºŒä¸ªå¥³å„¿å‡ºç”Ÿâ€¦â€¦,https://www.bilibili.com/video/BV1i3411C7MF
BV1GT4y1o73X,ã€Šæ‘„å½±æŠ€æœ¯ã€‹ä¸­å›½ä¼ åª’å¤§å­¦å›½å®¶ç²¾å“è¯¾,https://www.bilibili.com/video/BV1GT4y1o73X
BV1xg411F79X,å¸… ä½†ä¹Ÿä¸æ˜¯å¾ˆå¸…,https://www.bilibili.com/video/BV1xg411F79X
BV16T4y1Z7JZ,ã€ç”œè¯APEXã€‘åœ°ç‹±çº§é«˜ç«¯æ’ä½å†³èµ›åœˆã€Šèµ›å­£åˆåœ°ç‹±çº§æ’ä½éš¾åº¦ã€‹,https://www.bilibili.com/video/BV16T4y1Z7JZ
BV1jP4y1a71C,ä¾ å®¢çº¢å°˜ï¼šç™½å«–â€œæ¢¨å›­æ˜Ÿå…‰â€ï¼Œå°è€¶å·çœ‹ç¾å¥³è¢«æŠ“åŒ…ï¼Œç«Ÿé€çš®è‚¤é“æ­‰,https://www.bilibili.com/video/BV1jP4y1a71C
BV1G34y1S7cX,å¹³å…‹æ›¼ï¼šæªå“æ‰ä¸¤å¤©å°±åˆä¸Šæˆ˜ç¥äº†ï¼Œéš¾é“ä»–å¼€ç§‘æŠ€äº†ï¼Ÿ,https://www.bilibili.com/video/BV1G34y1S7cX
BV1m3411C7yU,ç©å®¶å¼€è½¦è¿›äº†äººæœºçªï¼Œä¸‹è½¦å°±è¢«11ä¸ªäººæœºåŒ…å›´ï¼,https://www.bilibili.com/video/BV1m3411C7yU
BV1mL4y187Aj,å¦¹å¦¹èŒ¶è‰ºçœŸæ£’? å½“ç€æˆ‘çš„é¢ç‹‚æ’©å¥³è€å¸ˆ,https://www.bilibili.com/video/BV1mL4y187Aj
BV1tv411g7uk,ã€2021å›½é£å¤§å…¸ç¾äººç¾¤åƒã€‘å…¨ç¨‹é«˜èƒ½ | è§†è§‰ç››å®´ | è¿™æ‰æ˜¯æˆ‘æƒ³è¦çš„å¤å¶å¦†é€ ï¼ï¼è¯·å„å¤§å‰§ç»„é€Ÿé€Ÿè¿›æ¥ä»æ¢³å¤´å‘å¼€å§‹å­¦èµ·,https://www.bilibili.com/video/BV1tv411g7uk
BV17P4y1h71Q,è¿™å¤§æ¦‚å°±æ˜¯ä¼ è¯´ä¸­çš„å¯Œå©†å¿«ä¹åŒ…å§â€”â€”ä¹æ—’é˜ç°ªå¨˜å‘ç°ªæ‰“åŒ…,https://www.bilibili.com/video/BV17P4y1h71Q
BV1eR4y1n7sd,æ™®é€šäººç©¿ç½‘çº¢çº¯æ¬²é£æ˜¯ä»€ä¹ˆæ•ˆæœï¼Ÿè¡£æœå¾ˆå¥½çœ‹ï¼Œä¸‹æ¬¡ä¸è®¸å†å–äº†â€¦â€¦,https://www.bilibili.com/video/BV1eR4y1n7sd
BV1dP4y1h7eA,å‡ºå»ç©ï¼å‡ºå»ç©ï¼å‡ºå»ç©ï¼,https://www.bilibili.com/video/BV1dP4y1h7eA
BV1jQ4y1X7yL,ï½œæ•…é‡Œé€¢æ˜¥ï½œå¤è¨€å°è¯´å¥³ä¸»è§’æœ¬äººå°±æ˜¯å¥¹äº†å§ï¼,https://www.bilibili.com/video/BV1jQ4y1X7yL
BV1vU4y1A7Xe,æ— ç†å–é—¹çš„ç”²æ–¹,https://www.bilibili.com/video/BV1vU4y1A7Xe
