1,BV1of4y177o9,å¼€å§‹çš„èµ¢ä¸æ˜¯èµ¢ï¼Œèµ¢åˆ°æœ€åæ‰æ˜¯èµ¢,https://www.bilibili.com/video/BV1of4y177o9
2,BV1Sr4y127TW,è¿™æ‰æ˜¯é¡¶çº§å¨ç¥ï¼Œè±†è…èƒ½åšå‡ºçŒ´è„‘çš„å‘³é“ã€Šé‡‘ç‰æ»¡å ‚ã€‹,https://www.bilibili.com/video/BV1Sr4y127TW
3,BV1if4y1F7Au,ç¬‘æ­»ï¼å¤´å‘åŸæ¥é™¤äº†æŒ‘æŸ“ï¼Œè¿˜å¯ä»¥è˜¸é…±å•Šï¼è˜¸é…±åˆ˜æµ·çœŸçš„å¾ˆspecialï¼ã€æ²ˆå§¿æ¶¦ã€‘ã€staycã€‘,https://www.bilibili.com/video/BV1if4y1F7Au
4,BV1RL41137Mc,æ‹¿åˆ°åŸƒæ´›ä¼Šä¸€å®šè¦ç™½å«–çš„å¥–åŠ±ï¼,https://www.bilibili.com/video/BV1RL41137Mc
5,BV1wU4y1P7oH,åå¤§ç¬¬ä¸€çœ¼çœ‹å¾ˆä¸‘çš„éª‘å£«å½¢æ€,https://www.bilibili.com/video/BV1wU4y1P7oH
6,BV1Bh411H7Gb,ã€Šåƒµ    å­    ç‰™ã€‹,https://www.bilibili.com/video/BV1Bh411H7Gb
7,BV1634y1S7Jw,è¿·ä½ ä¸–ç•Œ851ï¼šäºŒç‹—å­ç©è§£å¯†åœ°å›¾ï¼Œå¸¦ç€ç‹—è›‹ä¸€èµ·é€ƒç”Ÿ,https://www.bilibili.com/video/BV1634y1S7Jw
8,BV1eL4y167xr,ã€æˆ‘çš„ä¸–ç•Œã€‘æ´»ä¸‹å»ï¼å­¤å²›ç”Ÿå­˜ P11,https://www.bilibili.com/video/BV1eL4y167xr
9,BV1Vh411J7Lq,ã€é»‘æš—æ¬ºéª—ã€‘ä¸­æ–‡é…éŸ³ç‰ˆæœ¬ç–‘ä¼¼æµå‡ºï¼ˆï¼‰,https://www.bilibili.com/video/BV1Vh411J7Lq
10,BV1UQ4y1B78b,å…è´¹ï¼è‚²ç¢§æ¨å‡ºå¤§é€ƒæ€ç±»åƒé¸¡æ¸¸æˆã€Šå¹½çµè¡ŒåŠ¨ï¼šç«çº¿ã€‹|ã€Šåˆºå®¢ä¿¡æ¡ã€‹å…¨ç³»åˆ—ç‰¹ä»·ä¿ƒé”€|ã€Šæˆ˜åœ°1+5ã€‹æ†ç»‘åŒ…æ–°å²ä½0.8æŠ˜ä»…35å…ƒï¼åƒä¸‡ä¸è¦é”™è¿‡ï¼ï¼,https://www.bilibili.com/video/BV1UQ4y1B78b
11,BV1Wr4y127TG,è¿‡æ¥ï¼Œç»™ä½ çœ‹ä¸ªæ¯›çƒå„¿,https://www.bilibili.com/video/BV1Wr4y127TG
12,BV1dv411g7ST,æ˜çœ¸çš„å¤±è¯¯ä¸‹é¥­å†¥åœºé¢ã€ç¬¬ä¸ƒæœŸã€‘,https://www.bilibili.com/video/BV1dv411g7ST
13,BV1Fr4y1m7Au,ğŸ‰è¿™ä¸€åæŠŠæˆ‘ç‚¸å›äº†é‚£ä¸ªå¤å¤©ğŸ‰,https://www.bilibili.com/video/BV1Fr4y1m7Au
14,BV1Rr4y117cK,"""æˆ‘ä»¬å”¯ä¸€ä»å†å²ä¸­å¸å–çš„æ•™è®­å°±æ˜¯ï¼Œä»æ¥æ²¡æœ‰å¸å–è¿‡æ•™è®­""",https://www.bilibili.com/video/BV1Rr4y117cK
15,BV1fL4y1q7AL,ç•…æƒ³100å¹´åçš„ä¸­å›½èˆªå¤©ï¼å›½äººè‡ªåˆ¶CGï¼Œè¢«ç‚¸åˆ°äº†ï¼,https://www.bilibili.com/video/BV1fL4y1q7AL
16,BV1CQ4y1X7ma,èŠ±30å¤©åšäº†ä¸ªæœºæ¢°è‡‚ï¼Œå´ç”¨å®ƒæ¥ç‚’èœï¼Ÿ,https://www.bilibili.com/video/BV1CQ4y1X7ma
17,BV1i3411C7MF,æˆ‘çš„è½¦åº“æ–°è½¦å’Œç”Ÿæ´»è¿‘å†µæ›´æ–°ï¼å·®ç‚¹æ²¡èµ¶ä¸Šç¬¬äºŒä¸ªå¥³å„¿å‡ºç”Ÿâ€¦â€¦,https://www.bilibili.com/video/BV1i3411C7MF
18,BV1xg411F79X,å¸… ä½†ä¹Ÿä¸æ˜¯å¾ˆå¸…,https://www.bilibili.com/video/BV1xg411F79X
19,BV16T4y1Z7JZ,ã€ç”œè¯APEXã€‘åœ°ç‹±çº§é«˜ç«¯æ’ä½å†³èµ›åœˆã€Šèµ›å­£åˆåœ°ç‹±çº§æ’ä½éš¾åº¦ã€‹,https://www.bilibili.com/video/BV16T4y1Z7JZ
20,BV1jP4y1a71C,ä¾ å®¢çº¢å°˜ï¼šç™½å«–â€œæ¢¨å›­æ˜Ÿå…‰â€ï¼Œå°è€¶å·çœ‹ç¾å¥³è¢«æŠ“åŒ…ï¼Œç«Ÿé€çš®è‚¤é“æ­‰,https://www.bilibili.com/video/BV1jP4y1a71C
21,BV1G34y1S7cX,å¹³å…‹æ›¼ï¼šæªå“æ‰ä¸¤å¤©å°±åˆä¸Šæˆ˜ç¥äº†ï¼Œéš¾é“ä»–å¼€ç§‘æŠ€äº†ï¼Ÿ,https://www.bilibili.com/video/BV1G34y1S7cX
22,BV1m3411C7yU,ç©å®¶å¼€è½¦è¿›äº†äººæœºçªï¼Œä¸‹è½¦å°±è¢«11ä¸ªäººæœºåŒ…å›´ï¼,https://www.bilibili.com/video/BV1m3411C7yU
23,BV1mL4y187Aj,å¦¹å¦¹èŒ¶è‰ºçœŸæ£’? å½“ç€æˆ‘çš„é¢ç‹‚æ’©å¥³è€å¸ˆ,https://www.bilibili.com/video/BV1mL4y187Aj
24,BV1Mh411J7Gn,é¸­é¸­ç¾½ç»’æœï¼ï¼ï¼ç›´æ¥å°ç¥å¥½å§,https://www.bilibili.com/video/BV1Mh411J7Gn
25,BV1zP4y1t7TC,å®¶äººä»¬åˆæ¥å­¦ç©¿æ­äº†,https://www.bilibili.com/video/BV1zP4y1t7TC
26,BV1iL4y1z72G,è¿åŠ¨è£…æ··æ­ä¼˜é›…æ—¶è£…ï¼Œè¿™æ ·ç©¿æ­ä½ è§‰å¾—è¡Œå—,https://www.bilibili.com/video/BV1iL4y1z72G
27,BV1JL41147fY,ã€ç§è—å®è—åº—é“ºã€‘7å®¶å€¼å¾—æ”¶è—çš„å°ä¼—æœé¥°åº—é“ºï½œå¤šç§é£æ ¼éšä½ æŒ‘,https://www.bilibili.com/video/BV1JL41147fY
28,BV14h411p7Nx,é¡¶çº§Alphaï¼è¿™å°±æ˜¯ç¦æ¬²ç³»çš„é­…åŠ›å—ï¼Ÿ,https://www.bilibili.com/video/BV14h411p7Nx
29,BV1tv411g7uk,ã€2021å›½é£å¤§å…¸ç¾äººç¾¤åƒã€‘å…¨ç¨‹é«˜èƒ½ | è§†è§‰ç››å®´ | è¿™æ‰æ˜¯æˆ‘æƒ³è¦çš„å¤å¶å¦†é€ ï¼ï¼è¯·å„å¤§å‰§ç»„é€Ÿé€Ÿè¿›æ¥ä»æ¢³å¤´å‘å¼€å§‹å­¦èµ·,https://www.bilibili.com/video/BV1tv411g7uk
